{
	"type": "bigglobe:overworld_rock_layer_entry",
	"config": {
		"group": "bigglobe_create:create_rocks",
		"entries": {
			"defaults": {
				"weight": 1.0,
				"center": {
					"type": "sum",
					"layers": [
						{ "type": "smooth", "scaleX": 64, "scaleY": 64, "amplitude": 8.0 },
						{ "type": "smooth", "scaleX": 32, "scaleY": 32, "amplitude": 4.0 },
						{ "type": "smooth", "scaleX": 16, "scaleY": 16, "amplitude": 2.0 }
					]
				},
				"thickness": {
					"type": "sum",
					"layers": [
						{ "type": "constant", "value": -4.0 },
						{ "type": "smooth", "scaleX": 16, "scaleY": 16, "amplitude": 8.0 },
						{ "type": "smooth", "scaleX":  8, "scaleY":  8, "amplitude": 4.0 },
						{ "type": "smooth", "scaleX":  4, "scaleY":  4, "amplitude": 2.0 }
					]
				}
			},
			"variations": [
				{ "smooth_state": "create:cut_crimsite",  "cobble_state": "create:crimsite",  "weight": 1.0 },
				{ "smooth_state": "create:cut_limestone", "cobble_state": "create:limestone", "weight": 1.0 },
				{ "smooth_state": "create:cut_ochrum",    "cobble_state": "create:ochrum",    "weight": 1.0 },
				{ "smooth_state": "create:cut_asurine",   "cobble_state": "create:asurine",   "weight": 1.0 },
				{ "smooth_state": "create:cut_veridium",  "cobble_state": "create:veridium",  "weight": 1.0 },
				{ "smooth_state": "create:cut_scoria",    "cobble_state": "create:scoria",    "weight": 1.0 },
				{ "smooth_state": "create:cut_scorchia",  "cobble_state": "create:scorchia",  "weight": 1.0 }
			]
		}
	}
}