{
	"type": "bigglobe:overworld_rock_layer_entry",
	"config": {
		"group": "bigglobe:overworld/rock_layers/vanilla_deepslate",
		"entries": {
			"weight": 1.0,
			"smooth_state": "create:cut_deepslate",
			"cobble_state": "minecraft:deepslate[axis=y]",
			"center": {
				"type": "sum",
				"layers": [
					{ "type": "smooth", "scaleX": 128, "scaleY": 128, "amplitude": 16.0 },
					{ "type": "smooth", "scaleX":  64, "scaleY":  64, "amplitude":  8.0 },
					{ "type": "smooth", "scaleX":  32, "scaleY":  32, "amplitude":  4.0 }
				]
			},
			"thickness": {
				"type": "sum",
				"layers": [
					{ "type": "constant", "value": 4.0 },
					{ "type": "smooth", "scaleX": 32, "scaleY": 32, "amplitude": 4.0 },
					{ "type": "smooth", "scaleX": 16, "scaleY": 16, "amplitude": 2.0 },
					{ "type": "smooth", "scaleX":  8, "scaleY":  8, "amplitude": 1.0 }
				]
			},
			"restrictions": {
				"type": "script",
				"script": "unmixSmooth(`max_y` - 256, `max_y` - 512, y)"
			}
		}
	}
}