{
	"type": "bigglobe:overworld_rock_layer_entry",
	"config": {
		"group": "bigglobe:overworld/rock_layers/vanilla_extras",
		"entries": {
			"defaults": {
				"weight": 1.0,
				"center": {
					"type": "sum",
					"layers": [
						{ "type": "smooth", "scaleX": 128, "scaleY": 128, "amplitude": 16.0 },
						{ "type": "smooth", "scaleX":  64, "scaleY":  64, "amplitude":  8.0 },
						{ "type": "smooth", "scaleX":  32, "scaleY":  32, "amplitude":  4.0 }
					]
				},
				"thickness": {
					"type": "sum",
					"layers": [
						{ "type": "constant", "value": 4.0 },
						{ "type": "smooth", "scaleX": 32, "scaleY": 32, "amplitude": 4.0 },
						{ "type": "smooth", "scaleX": 16, "scaleY": 16, "amplitude": 2.0 },
						{ "type": "smooth", "scaleX":  8, "scaleY":  8, "amplitude": 1.0 }
					]
				}
			},
			"variations": [
				{
					"smooth_state": "create:cut_andesite",
					"cobble_state": "minecraft:andesite",
					"restrictions": {
						"type": "and",
						"restrictions": [
							{ "type": "range", "property": "overworld/temperature", "max": -0.375, "mid": -0.625 },
							{ "type": "script", "script": "unmixSmooth(`max_y` - 512, `max_y`, y)" }
						]
					}
				},
				{
					"smooth_state": "create:cut_diorite",
					"cobble_state": "minecraft:diorite",
					"restrictions": {
						"type": "and",
						"restrictions": [
							{ "type": "range", "property": "overworld/height_adjusted_foliage", "min": 0.0, "mid": 0.5 },
							{ "type": "script", "script": "unmixSmooth(`max_y` - 512, `max_y`, y)" }
						]
					}
				},
				{
					"smooth_state": "create:cut_granite",
					"cobble_state": "minecraft:granite",
					"restrictions": { "type": "range", "property": "overworld/hilliness", "min": 0.0, "mid": 1.0, "smooth": false }
				},
				{
					"smooth_state": "create:cut_dripstone",
					"cobble_state": "minecraft:dripstone_block",
					"restrictions": { "type": "range", "property": "max_y", "max": 32.0, "mid": -32.0 }
				},
				{
					"smooth_state": "create:cut_tuff",
					"cobble_state": "minecraft:tuff",
					"restrictions": {
						"type": "and",
						"restrictions": [
							{ "type": "range", "property": "overworld/height_adjusted_foliage", "mid": -0.5, "max": 0.0 },
							{ "type": "script", "script": "unmixSmooth(`max_y` - 512, `max_y`, y)" }
						]
					}
				},
				{
					"smooth_state": "minecraft:smooth_sandstone",
					"cobble_state": "minecraft:sandstone",
					"restrictions": {
						"type": "and",
						"restrictions": [
							{ "type": "range", "property": "overworld/surface_temperature", "min": 0.375, "mid": 0.625 },
							{ "type": "range", "property": "overworld/foliage", "min": -0.625, "mid": -0.375 },
							{ "type": "script", "script": "unmixSmooth(`max_y` - 512, `max_y`, y)" }
						]
					}
				},
				{
					"smooth_state": "minecraft:smooth_red_sandstone",
					"cobble_state": "minecraft:red_sandstone",
					"restrictions": {
						"type": "and",
						"restrictions": [
							{ "type": "range", "property": "overworld/surface_temperature", "min": 0.375, "mid": 0.625 },
							{ "type": "range", "property": "overworld/foliage", "mid": -0.625, "max": -0.375 },
							{ "type": "script", "script": "unmixSmooth(`max_y` - 512, `max_y`, y)" }
						]
					}
				}
			]
		}
	}
}